<?xml version="1.0"?>
<PropertyList>

    <path>Shadow.ac</path>

        <animation>
            <type>select</type>
            <object-name>shadow</object-name>
            <condition>
             <and>
                <less-than>
                   <property>position/altitude-agl-ft</property>
                    <value>300</value>
                    </less-than>
                    <less-than>
                    <property>sim/time/sun-angle-rad</property>
                    <value>1.25</value>
                  </less-than>
               </and>
            </condition>
        </animation>

        <animation>
            <type>rotate</type>
            <object-name>shadow</object-name>
            <property>orientation/pitch-deg</property>
            <factor> 1 </factor>
                <center>
                <x-m> 3.8 </x-m>
                <y-m> 0 </y-m>
                <z-m> 0 </z-m>
                </center>
               <axis>
                <x>0</x>
                <y>-1</y>
                <z>0</z>
               </axis>
        </animation>

        <animation>
            <type>rotate</type>
            <object-name>shadow</object-name>
            <property>orientation/roll-deg</property>
            <factor> 1 </factor>
            <center>
             <x-m> 3.8 </x-m>
             <y-m> 0 </y-m>
             <z-m> 0 </z-m>
            </center>
            <axis>
                <x>1</x>
                <y>0</y>
                <z>0</z>
            </axis>
        </animation>


  <animation>
   <type>translate</type>
   <object-name>shadow</object-name>
   <property>position/altitude-agl-ft</property>
   <factor> -0.29 </factor>
   <center>
     <x-m> 0 </x-m>
     <y-m> 0 </y-m>
     <z-m> 0 </z-m>
   </center>
   <axis>
     <x> 0 </x>
     <y> 0 </y>
     <z> 1 </z>
   </axis>
 </animation>
		
		

</PropertyList>
