<?xml version="1.0"?>
<?xml-stylesheet type="text/xsl" href="http://jsbsim.sourceforge.net/JSBSim.xsl"?>
<fdm_config name="Yak-53" version="2.0" release="ALPHA"
   xmlns:xsi="http://www.w3.org/2001/XMLSchema-instance"
   xsi:noNamespaceSchemaLocation="http://jsbsim.sourceforge.net/JSBSim.xsd">

 <fileheader>
  <author> Makswell + Aeromatic v 0.91 </author>
  <filecreationdate> 2011-05-04 </filecreationdate>
  <version>$Revision: 1.10 $</version>
  <description> Models a Yak-53. </description>
 </fileheader>

<!--
  File:     Yak-53.xml
  Inputs:
    name:          Yak-53
    type:          Aerobatic
    max weight:    2337 lb
    wing span:     31.1695 ft
    length:        25.19808 ft
    wing area:     161.475 sq-ft
    gear type:     tricycle
    retractable?:  yes
    # engines:     1
    engine type:   piston
    engine layout: forward fuselage
    yaw damper?    no

  Outputs:
    wing loading:  14.47 lb/sq-ft
    CL-alpha:      4.5 per radian
    CL-0:          0.17
    CL-max:        1.2
    CD-0:          0.02
    K:             0.06

-->

 <metrics>
   <wingarea  unit="FT2">  161.48 </wingarea>
   <wingspan  unit="FT" >   31.17 </wingspan>
   <wing_incidence>          2.00 </wing_incidence>
   <chord     unit="FT" >    5.18 </chord>
   <htailarea unit="FT2">   27.45 </htailarea>
   <htailarm  unit="FT" >   15.12 </htailarm>
   <vtailarea unit="FT2">   16.15 </vtailarea>
   <vtailarm  unit="FT" >   15.12 </vtailarm>
   <location name="AERORP" unit="IN">
     <x> 87.85 </x>
     <y>   0.00 </y>
     <z>   0.00 </z>
   </location>
   <location name="EYEPOINT" unit="IN">
     <x>  140.5 </x>
     <y>   0.00 </y>
     <z>  26.38 </z>
   </location>
   <location name="VRP" unit="IN">
     <x>0</x>
     <y>0</y>
     <z>0</z>
   </location>
 </metrics>

 <mass_balance>
   <ixx unit="SLUG*FT2">       771 </ixx>
   <iyy unit="SLUG*FT2">       896 </iyy>
   <izz unit="SLUG*FT2">      1526 </izz>
   <emptywt unit="LBS" >      1984 </emptywt>
   <location name="CG" unit="IN">
     <x> 84.65 </x>
     <y>   0.00 </y>
     <z>  -7.56 </z>
   </location>
 </mass_balance>

 <ground_reactions>

  <contact type="BOGEY" name="NOSE">
   <location unit="IN">
     <x>  31.12 </x>
     <y>   0.00 </y>
     <z> -61.7 </z>
   </location>
   <static_friction>  0.80 </static_friction>
   <dynamic_friction> 0.50 </dynamic_friction>
   <rolling_friction> 0.02 </rolling_friction>
   <spring_coeff unit="LBS/FT">        4181 </spring_coeff>
   <damping_coeff unit="LBS/FT/SEC">   350 </damping_coeff>
   <max_steer unit="DEG"> 50.00 </max_steer>
   <brake_group>NONE</brake_group>
   <retractable>1</retractable>
 </contact>

  <contact type="BOGEY" name="LEFT_MAIN">
   <location unit="IN">
     <x> 104.21 </x>
     <y> -53.84 </y>
     <z> -58.78 </z>
   </location>
   <static_friction>  0.80 </static_friction>
   <dynamic_friction> 0.50 </dynamic_friction>
   <rolling_friction> 0.02 </rolling_friction>
   <spring_coeff unit="LBS/FT">       4088 </spring_coeff>
   <damping_coeff unit="LBS/FT/SEC">   340 </damping_coeff>
   <max_steer unit="DEG">0</max_steer>
   <brake_group>LEFT</brake_group>
   <retractable>1</retractable>
 </contact>

  <contact type="BOGEY" name="RIGHT_MAIN">
   <location unit="IN">
     <x> 104.21 </x>
     <y>  53.84 </y>
     <z> -58.78 </z>
   </location>
   <static_friction>  0.80 </static_friction>
   <dynamic_friction> 0.50 </dynamic_friction>
   <rolling_friction> 0.02 </rolling_friction>
   <spring_coeff unit="LBS/FT">       4088 </spring_coeff>
   <damping_coeff unit="LBS/FT/SEC">   340 </damping_coeff>
   <max_steer unit="DEG">0</max_steer>
   <brake_group>RIGHT</brake_group>
   <retractable>1</retractable>
 </contact>
 

  <contact type="BOGEY" name="NOSE2">
   <location unit="IN">
     <x>  31.12 </x>
     <y>   0.00 </y>
     <z> -57 </z>
   </location>
   <static_friction>  0.80 </static_friction>
   <dynamic_friction> 0.50 </dynamic_friction>
   <rolling_friction> 0.02 </rolling_friction>
   <spring_coeff unit="LBS/FT">        16700 </spring_coeff>
   <damping_coeff unit="LBS/FT/SEC">   1800 </damping_coeff>
   <max_steer unit="DEG"> 50.00 </max_steer>
   <brake_group>NONE</brake_group>
   <retractable>1</retractable>
 </contact>

  <contact type="BOGEY" name="LEFT_MAIN2">
   <location unit="IN">
     <x> 104.21 </x>
     <y> -53.84 </y>
     <z> -50.78 </z>
   </location>
   <static_friction>  0.80 </static_friction>
   <dynamic_friction> 0.50 </dynamic_friction>
   <rolling_friction> 0.02 </rolling_friction>
   <spring_coeff unit="LBS/FT">       16000 </spring_coeff>
   <damping_coeff unit="LBS/FT/SEC">   1760 </damping_coeff>
   <max_steer unit="DEG">0</max_steer>
   <brake_group>LEFT</brake_group>
   <retractable>1</retractable>
 </contact>

  <contact type="BOGEY" name="RIGHT_MAIN2">
   <location unit="IN">
     <x> 104.21 </x>
     <y>  53.84 </y>
     <z> -50.78 </z>
   </location>
   <static_friction>  0.80 </static_friction>
   <dynamic_friction> 0.50 </dynamic_friction>
   <rolling_friction> 0.02 </rolling_friction>
   <spring_coeff unit="LBS/FT">       16000 </spring_coeff>
   <damping_coeff unit="LBS/FT/SEC">   1760 </damping_coeff>
   <max_steer unit="DEG">0</max_steer>
   <brake_group>RIGHT</brake_group>
   <retractable>1</retractable>
 </contact>
   
  <contact type="STRUCTURE" name="NOSE">
    <location unit="IN">
     <x> 10 </x>
     <y>  0.0 </y>
     <z>  -20 </z>
    </location>
    <static_friction>  0.98 </static_friction>
    <dynamic_friction> 0.75 </dynamic_friction>
    <spring_coeff unit="LBS/FT">       1237 </spring_coeff>
    <damping_coeff unit="LBS/FT/SEC">   467 </damping_coeff>
 </contact>

  <contact type="STRUCTURE" name="NOSE_UP">
    <location unit="IN">
     <x> 10 </x>
     <y> 0.0 </y>
     <z> 20 </z>
    </location>
    <static_friction>  0.98 </static_friction>
    <dynamic_friction> 0.75 </dynamic_friction>
    <spring_coeff unit="LBS/FT">       1237 </spring_coeff>
    <damping_coeff unit="LBS/FT/SEC">   467 </damping_coeff>
 </contact>
 

  <contact type="STRUCTURE" name="LEFT_TIRE">
    <location unit="IN">
     <x> 65 </x>
     <y> -53 </y>
     <z>  -40 </z>
    </location>
    <static_friction>  0.80 </static_friction>
    <dynamic_friction> 0.650 </dynamic_friction>
    <spring_coeff unit="LBS/FT">       1237.30 </spring_coeff>
    <damping_coeff unit="LBS/FT/SEC">  467.46 </damping_coeff>
 </contact>

  <contact type="STRUCTURE" name="RIGHT_TIRE">
    <location unit="IN">
     <x> 65 </x>
     <y>  53 </y>
     <z>  -37 </z>
    </location>
    <static_friction>  0.88 </static_friction>
    <dynamic_friction> 0.750 </dynamic_friction>
    <spring_coeff unit="LBS/FT">       1237.30 </spring_coeff>
    <damping_coeff unit="LBS/FT/SEC">  467.46 </damping_coeff>
 </contact>
  

  <contact type="STRUCTURE" name="LEFT_WING">
    <location unit="IN">
     <x> 89.5 </x>
     <y> -187 </y>
     <z>  -8.3 </z>
    </location>
    <static_friction>  0.98 </static_friction>
    <dynamic_friction> 0.75 </dynamic_friction>
    <spring_coeff unit="LBS/FT">       1237 </spring_coeff>
    <damping_coeff unit="LBS/FT/SEC">   467 </damping_coeff>
 </contact>

  <contact type="STRUCTURE" name="RIGHT_WING">
    <location unit="IN">
     <x> 89.5 </x>
     <y>  187 </y>
     <z>  -8.3 </z>
    </location>
    <static_friction>  0.98 </static_friction>
    <dynamic_friction> 0.75 </dynamic_friction>
    <spring_coeff unit="LBS/FT">       1237 </spring_coeff>
    <damping_coeff unit="LBS/FT/SEC">   467 </damping_coeff>
 </contact>
 
  <contact type="STRUCTURE" name="Skoba">
    <location unit="IN">
     <x> 267.72 </x>
     <y>  0.0 </y>
     <z>  -2.56 </z>
    </location>
    <static_friction>  0.950 </static_friction>
    <dynamic_friction> 0.750 </dynamic_friction>
    <spring_coeff unit="LBS/FT">       1237 </spring_coeff>
    <damping_coeff unit="LBS/FT/SEC">   367 </damping_coeff>
 </contact>
 
  <contact type="STRUCTURE" name="Kil">
    <location unit="IN">
     <x> 262 </x>
     <y>  0 </y>
     <z>  63 </z>
    </location>
    <static_friction>  0.98 </static_friction>
    <dynamic_friction> 0.85 </dynamic_friction>
    <spring_coeff unit="LBS/FT">       1237 </spring_coeff>
    <damping_coeff unit="LBS/FT/SEC">   467 </damping_coeff>
 </contact>
 

 </ground_reactions>

 <propulsion>

   <engine file="M-14P">
    <location unit="IN">
      <x>  20.00 </x>
      <y>   0.00 </y>
      <z>   0.00 </z>
    </location>
    <orient unit="DEG">
      <pitch> 0.00 </pitch>
      <roll>   0.00 </roll>
      <yaw>   0.00 </yaw>
    </orient>
    <feed>0</feed>
    <feed>1</feed>    
    <thruster file="V530">
     <location unit="IN">
       <x>   0.00 </x>
       <y>   0.00 </y>
       <z>   0.00 </z>
     </location>
     <orient unit="DEG">
       <pitch> 0.00 </pitch>
       <roll>   0.00 </roll>
       <yaw>   0.00 </yaw>
     </orient>
    </thruster>
  </engine>

  <tank type="FUEL" number="0">
     <location unit="IN">
       <x> 84.65 </x>
       <y>   30.00 </y>
       <z>  -12.6 </z>
     </location>
     <capacity unit="LBS"> 120.00 </capacity>
     <contents unit="LBS"> 81.00 </contents>
  </tank>

  <tank type="FUEL" number="1">
     <location unit="IN">
       <x> 84.65 </x>
       <y>  -30.00 </y>
       <z>  -12.6 </z>
     </location>
     <capacity unit="LBS"> 120.00 </capacity>
     <contents unit="LBS"> 82.00 </contents>
  </tank>
  

 </propulsion>

 <flight_control name="FCS: Yak-53">

  <channel name="Pitch">
   <summer name="Pitch Trim Sum">
      <input>fcs/elevator-cmd-norm</input>
      <input>fcs/pitch-trim-cmd-norm</input>
      <clipto>
        <min> -1 </min>
        <max>  1 </max>
      </clipto>
   </summer>

   <aerosurface_scale name="Elevator Control">
      <input>fcs/pitch-trim-sum</input>
      <range>
        <min> -0.35 </min>
        <max>  0.35 </max>
      </range>
      <output>fcs/elevator-pos-rad</output>
   </aerosurface_scale>

   <aerosurface_scale name="elevator normalization">
      <input>fcs/elevator-pos-rad</input>
      <domain>
        <min> -0.35 </min>
        <max>  0.35 </max>
      </domain>
      <range>
        <min> -1 </min>
        <max>  1 </max>
      </range>
      <output>fcs/elevator-pos-norm</output>
   </aerosurface_scale>

  </channel>

  <channel name="Roll">
   <summer name="Roll Trim Sum">
      <input>fcs/aileron-cmd-norm</input>
      <input>fcs/roll-trim-cmd-norm</input>
      <clipto>
        <min> -1 </min>
        <max>  1 </max>
      </clipto>
   </summer>

   <aerosurface_scale name="Left Aileron Control">
      <input>fcs/roll-trim-sum</input>
      <range>
        <min> -0.35 </min>
        <max>  0.35 </max>
      </range>
      <output>fcs/left-aileron-pos-rad</output>
   </aerosurface_scale>

   <aerosurface_scale name="Right Aileron Control">
      <input>fcs/roll-trim-sum</input>
      <range>
        <min> -0.35 </min>
        <max>  0.35 </max>
      </range>
      <output>fcs/right-aileron-pos-rad</output>
   </aerosurface_scale>

   <aerosurface_scale name="left aileron normalization">
      <input>fcs/left-aileron-pos-rad</input>
      <domain>
        <min> -0.35 </min>
        <max>  0.35 </max>
      </domain>
      <range>
        <min> -1 </min>
        <max>  1 </max>
      </range>
      <output>fcs/left-aileron-pos-norm</output>
   </aerosurface_scale>

   <aerosurface_scale name="right aileron normalization">
      <input>fcs/right-aileron-pos-rad</input>
      <domain>
        <min> -0.35 </min>
        <max>  0.35 </max>
      </domain>
      <range>
        <min> -1 </min>
        <max>  1 </max>
      </range>
      <output>fcs/right-aileron-pos-norm</output>
   </aerosurface_scale>

  </channel>

  <channel name="Yaw">
   <summer name="Rudder Command Sum">
      <input>fcs/rudder-cmd-norm</input>
      <input>fcs/yaw-trim-cmd-norm</input>
      <clipto>
        <min> -0.35 </min>
        <max>  0.35 </max>
      </clipto>
   </summer>

   <aerosurface_scale name="Rudder Control">
      <input>fcs/rudder-command-sum</input>
      <range>
        <min> -0.35 </min>
        <max>  0.35 </max>
      </range>
      <output>fcs/rudder-pos-rad</output>
   </aerosurface_scale>

   <aerosurface_scale name="rudder normalization">
      <input>fcs/rudder-pos-rad</input>
      <domain>
        <min> -0.35 </min>
        <max>  0.35 </max>
      </domain>
      <range>
        <min> -1 </min>
        <max>  1 </max>
      </range>
      <output>fcs/rudder-pos-norm</output>
   </aerosurface_scale>

  </channel>

  <channel name="Flaps">
   <kinematic name="Flaps Control">
     <input>fcs/flap-cmd-norm</input>
     <traverse>
       <setting>
          <position>  0 </position>
          <time>      0 </time>
       </setting>
       <setting>
          <position> 45 </position>
          <time>      1.8 </time>
       </setting>
      </traverse>
     <output>fcs/flap-pos-deg</output>
   </kinematic>

   <aerosurface_scale name="flap normalization">
      <input>fcs/flap-pos-deg</input>
      <domain>
        <min>  0 </min>
        <max> 45 </max>
      </domain>
      <range>
        <min> 0 </min>
        <max> 1 </max>
      </range>
      <output>fcs/flap-pos-norm</output>
   </aerosurface_scale>

  </channel>

  <channel name="Landing Gear">
   <kinematic name="Gear Control">
     <input>gear/gear-cmd-norm</input>
     <traverse>
       <setting>
          <position> 0 </position>
          <time>     0 </time>
       </setting>
       <setting>
          <position> 1 </position>
          <time>     2.5 </time>
       </setting>
     </traverse>
     <output>gear/gear-pos-norm</output>
   </kinematic>

  </channel>


 </flight_control>

 <aerodynamics>

  <axis name="LIFT">

    <function name="aero/coefficient/CLalpha">
      <description>Lift_due_to_alpha</description>
      <product>
          <property>aero/qbar-psf</property>
          <property>metrics/Sw-sqft</property>
          <table>
            <independentVar lookup="row">aero/alpha-rad</independentVar>
            <independentVar lookup="column">propulsion/engine/propeller-rpm</independentVar>
            <tableData>
                       0       890   1590     1940
            -1.570   0.000   0.000   0.000   0.000
            -0.785  -0.700  -0.700  -0.700  -0.700
            -0.453  -0.270  -0.270  -0.270  -0.270
            -0.279  -0.925  -0.925  -0.925  -0.925
            -0.262  -1.025  -1.025  -1.025  -1.025
            -0.244  -0.975  -0.975  -0.975  -0.975
            -0.209  -0.825  -0.825  -0.825  -0.825
            -0.174  -0.675  -0.675  -0.675  -0.675
            -0.140  -0.525  -0.525  -0.525  -0.525
            -0.105  -0.375  -0.375  -0.375  -0.375
            -0.070  -0.225  -0.225  -0.225  -0.225
            -0.035  -0.084  -0.084  -0.084  -0.084
             0.000   0.084   0.084   0.084   0.084
             0.035   0.252   0.252   0.281   0.309
             0.070   0.420   0.420   0.477   0.534
             0.105   0.588   0.588   0.674   0.759
             0.140   0.756   0.756   0.870   0.985
             0.174   0.924   0.924   1.067   1.210
             0.209   1.092   1.092   1.263   1.435
             0.244   1.260   1.260   1.460   1.660
             0.279   1.428   1.428   1.628   1.828
             0.314   1.560   1.560   1.760   1.960
             0.349   1.430   1.430   1.530   1.830
             0.523   0.400   0.400   0.450   0.500
             0.785   1.000   1.000   1.000   1.000
             1.570   0.000   0.000   0.000   0.000
            </tableData>
          </table>
      </product>
    </function>

    <function name="aero/coefficient/dCLflap">
       <description>Delta_Lift_due_to_flaps</description>
       <product>
           <property>aero/qbar-psf</property>
           <property>metrics/Sw-sqft</property>
           <property>fcs/flap-pos-deg</property>
           <value> 0.00500 </value>
       </product>
    </function>

 
    <function name="aero/coefficient/CLde">
       <description>Lift_due_to_Elevator_Deflection</description>
       <product>
           <property>aero/qbar-psf</property>
           <property>metrics/Sw-sqft</property>
           <property>fcs/elevator-pos-rad</property>
           <value>0.52</value>
       </product>
    </function>

  </axis>

  <axis name="DRAG">

    <function name="aero/coefficient/CD0">
       <description>Drag_at_zero_lift</description>
       <product>
          <property>aero/qbar-psf</property>
          <property>metrics/Sw-sqft</property>
          <table>
            <independentVar lookup="row">aero/alpha-rad</independentVar>
            <independentVar lookup="column">propulsion/engine/propeller-rpm</independentVar>
            <tableData>
                     0    890  1590   1940  
            -1.570 1.500 1.500 1.500 1.500
            -0.244 0.070 0.070 0.061 0.061
            -0.209 0.060 0.060 0.051 0.051
            -0.140 0.044 0.044 0.035 0.035
            -0.070 0.036 0.036 0.027 0.027
             0.000 0.034 0.034 0.034 0.034
             0.070 0.041 0.041 0.044 0.038
             0.140 0.056 0.056 0.063 0.071
             0.209 0.080 0.080 0.090 0.102
             0.279 0.111 0.111 0.126 0.141
             1.570 1.500 1.500 1.500 1.500
            </tableData>
          </table>
       </product>
    </function>

    <function name="aero/coefficient/CDi">
       <description>Induced_drag</description>
         <product>
           <property>aero/qbar-psf</property>
           <property>metrics/Sw-sqft</property>
           <property>aero/cl-squared</property>
           <value>0.001</value>
         </product>
    </function>

    <function name="aero/coefficient/CDmach">
       <description>Drag_due_to_mach</description>
        <product>
          <property>aero/qbar-psf</property>
          <property>metrics/Sw-sqft</property>
          <table>
            <independentVar lookup="row">velocities/mach</independentVar>
            <tableData>
                0.00      0.000
                0.75      0.000
                1.10      0.023
                1.80      0.015
            </tableData>
          </table>
        </product>
    </function>

    <function name="aero/coefficient/CDflap">
       <description>Drag_due_to_flaps</description>
         <product>
           <property>aero/qbar-psf</property>
           <property>metrics/Sw-sqft</property>
           <property>fcs/flap-pos-deg</property>
           <value> 0.00115 </value>
         </product>
    </function>

    <function name="aero/coefficient/CDgear">
       <description>Drag_due_to_gear</description>
         <product>
           <property>aero/qbar-psf</property>
           <property>metrics/Sw-sqft</property>
           <property>gear/gear-pos-norm</property>
           <value>0.002</value>
         </product>
    </function>


    <function name="aero/coefficient/CDbeta">
       <description>Drag_due_to_sideslip</description>
       <product>
          <property>aero/qbar-psf</property>
          <property>metrics/Sw-sqft</property>
          <table>
            <independentVar lookup="row">aero/beta-rad</independentVar>
            <tableData>
              -1.57    1.230
              -0.26    0.050
               0.00    0.000
               0.26    0.050
               1.57    1.230
            </tableData>
          </table>
       </product>
    </function>

    <function name="aero/coefficient/CDde">
       <description>Drag_due_to_Elevator_Deflection</description>
       <product>
           <property>aero/qbar-psf</property>
           <property>metrics/Sw-sqft</property>
           <abs><property>fcs/elevator-pos-norm</property></abs>
           <value>0.02</value>
       </product>
    </function>

  </axis>

  <axis name="SIDE">

    <function name="aero/coefficient/CYb">
       <description>Side_force_due_to_beta</description>
       <product>
           <property>aero/qbar-psf</property>
           <property>metrics/Sw-sqft</property>
           <property>aero/beta-rad</property>
           <value>-1</value>
       </product>
    </function>

  </axis>

  <axis name="ROLL">

    
    <function name="aero/coefficient/Clb">
       <description>Roll_moment_due_to_beta</description>
       <product>
           <property>aero/qbar-psf</property>
           <property>metrics/Sw-sqft</property>
           <property>metrics/bw-ft</property>
           <property>aero/beta-rad</property>
           <value>-0.025</value>
       <!-- Asymmetric stall -->
          <table> 
            <independentVar lookup="row">aero/alpha-deg</independentVar>
            <tableData>
			  -35    10
			  -11    10
              -10    1
              15     1
              16     10
              35     10
            </tableData>
          </table>
       </product>
    </function>
	
	
	
    <function name="aero/coefficient/Clp">
       <description>Roll_moment_due_to_roll_rate</description>
       <product>
           <property>aero/qbar-psf</property>
           <property>metrics/Sw-sqft</property>
           <property>metrics/bw-ft</property>
           <property>aero/bi2vel</property>
           <property>velocities/p-aero-rad_sec</property>
           <value>-0.4</value>
       </product>
    </function>

	
	<function name="aero/coefficient/Clr">
       <description>Roll_moment_due_to_yaw_rate</description>
       <product>
           <property>aero/qbar-psf</property>
           <property>metrics/Sw-sqft</property>
           <property>metrics/bw-ft</property>
           <property>aero/bi2vel</property>
           <property>velocities/r-aero-rad_sec</property>
           <value>0.08</value>
          <!-- Asymmetric stall -->
          <table>
            <independentVar lookup="row">aero/alpha-deg</independentVar>
            <tableData>
			  -35    20 
			  -11    20
              -10    1
              15     1
              16     20
              35     20
            </tableData>
          </table>
       </product>
    </function>
  
    
      
    <function name="aero/coefficient/Clda">
       <description>Roll_moment_due_to_aileron</description>
       <product>
          <property>aero/qbar-psf</property>
          <property>metrics/Sw-sqft</property>
          <property>metrics/bw-ft</property>
          <property>fcs/left-aileron-pos-rad</property>
          <table>
            <independentVar lookup="row">velocities/mach</independentVar>
            <independentVar lookup="column">propulsion/engine/propeller-rpm</independentVar>			
            <tableData>
			           0    1590  1940  
              0.000  -0.17 -0.17 -0.10
			  0.067  -0.17 -0.10 -0.07
              0.084  -0.07 -0.07  0.17
              0.090   0.17  0.17  0.17	  
              1.000   0.16  0.16  0.16
            </tableData>
          </table>
       <!-- less efficient ailerons when Asymmetric stall -->
          <table> 
            <independentVar lookup="row">aero/alpha-deg</independentVar>
            <tableData>
			  -35    0.3
			  -11    0.3
              -10    1
              15     1
              16     0.3
              35     0.3
            </tableData>
          </table>
       </product>
    </function>        
	

    <function name="aero/coefficient/Cldr">
       <description>Roll_moment_due_to_rudder</description>
       <product>
           <property>aero/qbar-psf</property>
           <property>metrics/Sw-sqft</property>
           <property>metrics/bw-ft</property>
           <property>fcs/rudder-pos-rad</property>
           <value>0.01</value>
       </product>
    </function>

  </axis>

  <axis name="PITCH">

    <function name="aero/coefficient/Cmalpha">
       <description>Pitch_moment_due_to_alpha</description>
       <product>
           <property>aero/qbar-psf</property>
           <property>metrics/Sw-sqft</property>
           <property>metrics/cbarw-ft</property>
           <property>aero/alpha-rad</property>
           <value>-0.5</value>
       </product>
    </function>

    <function name="aero/coefficient/Cmde">
       <description>Pitch_moment_due_to_elevator</description>
       <product>
          <property>aero/qbar-psf</property>
          <property>metrics/Sw-sqft</property>
          <property>metrics/cbarw-ft</property>
          <property>fcs/elevator-pos-rad</property>
          <table>
            <independentVar lookup="row">velocities/mach</independentVar>
            <tableData>
              0.0     -1.000
              2.0     -0.250
            </tableData>
          </table>
       </product>
    </function>

    <function name="aero/coefficient/Cmq">
       <description>Pitch_moment_due_to_pitch_rate</description>
       <product>
           <property>aero/qbar-psf</property>
           <property>metrics/Sw-sqft</property>
           <property>metrics/cbarw-ft</property>
           <property>aero/ci2vel</property>
           <property>velocities/q-aero-rad_sec</property>
           <value>-15</value>
       </product>
    </function>

    <function name="aero/coefficient/Cmadot">
       <description>Pitch_moment_due_to_alpha_rate</description>
       <product>
           <property>aero/qbar-psf</property>
           <property>metrics/Sw-sqft</property>
           <property>metrics/cbarw-ft</property>
           <property>aero/ci2vel</property>
           <property>aero/alphadot-rad_sec</property>
           <value>-7</value>
       </product>
    </function>

  </axis>

  <axis name="YAW">

    <function name="aero/coefficient/Cnb">
       <description>Yaw_moment_due_to_beta</description>
       <product>
           <property>aero/qbar-psf</property>
           <property>metrics/Sw-sqft</property>
           <property>metrics/bw-ft</property>
           <property>aero/beta-rad</property>
           <value>0.12</value>
       </product>
    </function>

    <function name="aero/coefficient/Cnr">
       <description>Yaw_moment_due_to_yaw_rate</description>
       <product>
           <property>aero/qbar-psf</property>
           <property>metrics/Sw-sqft</property>
           <property>metrics/bw-ft</property>
           <property>aero/bi2vel</property>
           <property>velocities/r-aero-rad_sec</property>
           <value>-0.15</value>
       </product>
    </function>

    <function name="aero/coefficient/Cndr">
       <description>Yaw_moment_due_to_rudder</description>
       <product>
           <property>aero/qbar-psf</property>
           <property>metrics/Sw-sqft</property>
           <property>metrics/bw-ft</property>
           <property>fcs/rudder-pos-rad</property>
           <value>-0.1</value>
       </product>
    </function>

    <function name="aero/coefficient/Cnda">
       <description>Adverse_yaw</description>
       <product>
           <property>aero/qbar-psf</property>
           <property>metrics/Sw-sqft</property>
           <property>metrics/bw-ft</property>
           <property>fcs/left-aileron-pos-rad</property>
           <value>-0.003</value>
       </product>
    </function>

  </axis>

 </aerodynamics>
</fdm_config>
