<?xml version="1.0"?>

<PropertyList>

 <sim>

  <description>Yakovlev Yak-53</description>
  <author>Makswell</author>
  <status>beta</status>
  <aircraft-version>1.00</aircraft-version>
  
  
  <status>production</status>
<rating>
 <FDM type="int">4</FDM>
 <systems type="int">4</systems>
 <cockpit type="int">4</cockpit>
 <model type="int">4</model>
</rating>
  






  

  <startup>
   <splash-texture>Aircraft/Yak-53/Yak-53.png</splash-texture>
  </startup>

     <help>
        <title>Yakovlev Yak-53</title>
        <line></line>
        <key>
            <name>C</name>
            <desc>Toggle Canopy</desc>
        </key>
        <key>
            <name>~</name>
            <desc>Toggle AirValve</desc>
        </key>
        <key>
            <name>(</name>
            <desc>Galusi Open</desc>
        </key>
        <key>
            <name>)</name>
            <desc>Galusi Clouse</desc>
        </key>
        <key>
            <name>_</name>
            <desc>Toggle OilCowlFlap</desc>
        </key>
        <key>
            <name>k</name>
            <desc>Test Lamp</desc>
        </key>
        <key>
            <name>K</name>
            <desc>Test Fuel</desc>
        </key>
        <line> Startup Procedure</line>
        <line>1:Open AirValve</line>
        <line>2:Set Throttle 1/3</line>
        <line>3:Push three-four </line>
        <line>times priming pump</line>		
        <line>4:Turn on 1-7 Breaker</line>
        <line>5:Set magneto 1+2</line>
        <line>6:Push start button</line>
        <line>or Quick Start S+s</line>
    </help>

    <menubar>
        <default>
            <menu n="10">
                <label>Yak-53</label>
                <enabled type="bool">true</enabled>
                    <item>
                        <label>Select Livery</label>
                        <binding>
                            <command>nasal</command>
                            <script>aircraft.livery.dialog.toggle()</script>
                        </binding>
                    </item>
            </menu>
        </default>
    </menubar>

	
<view n="1">
  <config>
   <target-z-offset-m archive="y" type="double">2.15</target-z-offset-m>
  </config>
 </view>

 <view n="2">
  <config>
   <target-z-offset-m archive="y" type="double">2.15</target-z-offset-m>
  </config>
 </view>

 <view n="5">
  <config>
   <target-z-offset-m archive="y" type="double">2.15</target-z-offset-m>
  </config>
 </view>

 <view n="6">
  <config>
   <target-z-offset-m archive="y" type="double">2.15</target-z-offset-m>
  </config>
 </view>	
	
	
	
  <view n="0">
    <name>Compass View</name>
    <type>lookfrom</type>
    <internal type="bool">true</internal>
    <config>
      <from-model type="bool">true</from-model>
      <from-model-idx type="int">0</from-model-idx>
      <at-model type="bool">false</at-model>
      <ground-level-nearplane-m type="double">0.5f</ground-level-nearplane-m>
      <default-field-of-view-deg type="double">45.0</default-field-of-view-deg>
      <x-offset-m>0.0</x-offset-m>
      <y-offset-m>0.67</y-offset-m>
      <z-offset-m>3.57</z-offset-m>
   </config>
  </view> 

  <view n="100">
    <name>Start View</name>
    <type>lookfrom</type>
    <internal type="bool">true</internal>
    <config>
      <from-model type="bool">true</from-model>
      <from-model-idx type="int">0</from-model-idx>
      <at-model type="bool">false</at-model>
      <ground-level-nearplane-m type="double">0.5f</ground-level-nearplane-m>
      <default-field-of-view-deg type="double">80.0</default-field-of-view-deg>
      <x-offset-m>0.0</x-offset-m>
      <y-offset-m>0.535</y-offset-m>
      <z-offset-m>3.6</z-offset-m>
	  <pitch-offset-deg>-25</pitch-offset-deg> 
      <heading-offset-deg>15</heading-offset-deg>
   </config>
  </view>
  
  
  <view n="101">
    <name>Aerobatics View</name>
    <type>lookfrom</type>
    <internal type="bool">true</internal>
    <config>
      <from-model type="bool">true</from-model>
      <from-model-idx type="int">0</from-model-idx>
      <at-model type="bool">false</at-model>
      <ground-level-nearplane-m type="double">0.5f</ground-level-nearplane-m>
      <default-field-of-view-deg type="double">80.0</default-field-of-view-deg>
      <x-offset-m>0.0</x-offset-m>
      <y-offset-m>0.67</y-offset-m>
      <z-offset-m>3.57</z-offset-m>
   </config>
  </view> 
 
 <view n="102">
    <name>View with Pilot</name>
    <type>lookfrom</type>
    <internal type="bool">true</internal>
    <config>
      <from-model type="bool">true</from-model>
      <from-model-idx type="int">0</from-model-idx>
      <at-model type="bool">false</at-model>
      <ground-level-nearplane-m type="double">0.5f</ground-level-nearplane-m>
      <default-field-of-view-deg type="double">80.0</default-field-of-view-deg>
      <x-offset-m>0.0</x-offset-m>
      <y-offset-m>0.6</y-offset-m>
      <z-offset-m>3.5</z-offset-m>
	  	  <pitch-offset-deg>-25</pitch-offset-deg> 
   </config>
  </view> 
	


  <flight-model>jsb</flight-model>
  <aero>Yak-53</aero>

 <model>
   <path>Aircraft/Yak-53/Models/Yak-53.xml</path>
 </model>

  <systems>
    <electrical>
      <path>Aircraft/Yak-53/Yak-53-electrical.xml</path>
    </electrical>
  </systems>

  <sound>
   <path>Aircraft/Yak-53/Yak-53-sound.xml</path>
  </sound>



 </sim>

 
<limits>
 <max-flap-extension-speed>95</max-flap-extension-speed>
 <vne>215</vne>
 <max-gear-extension-speed>108</max-gear-extension-speed>
 <max-positive-g>7.0</max-positive-g>
 <max-negative-g>-5.0</max-negative-g>
</limits>
 
 
 
 
 
 

  <controls>
  <lamp-test>0</lamp-test>
   <canopy>
       <canopy-pos-norm type="float">1.0</canopy-pos-norm>
    </canopy>
 </controls>

  <control>
     <voltmetr type="float">0</voltmetr>
     <fueltest type="float">0</fueltest>
	 <canopy-not-crash type="bool">true</canopy-not-crash>
	 <flaps-not-crash type="bool">true</flaps-not-crash>
	 <gear-not-crash type="bool">true</gear-not-crash>	 
    <amper type="float">0</amper>		 
     <pnevmo type="bool">false</pnevmo>
     <flaps1 type="bool">false</flaps1>
     <starter1 type="bool">false</starter1>
     <gear-down1 type="bool">true</gear-down1>
     <engstop type="bool">false</engstop>
     <engstop2 type="bool">false</engstop2>
 </control>


 <systems>
  <electrical>
   <outputs>
    <ign type="float">0.1</ign>
    <gear type="float">0.1</gear>	
    <eng-instr-1 type="float">0.1</eng-instr-1>	
    <nav-com-1 type="float">0.1</nav-com-1>
    <ann type="float">0.1</ann>
    <pitot-heat type="float">0.1</pitot-heat>	
   </outputs>
  </electrical>
 </systems>
  
 <!-- Key bindings -->

  <input>
   <keyboard>

 <key n="115">
  <name>s</name>
  <desc>Fire Starter on Engine</desc>
   <binding>
      <command>property-assign</command>
      <property>control/starter1</property>
      <value type="bool">true</value>
   </binding>
<binding>
<command>property-assign</command>
<property>engines/engine/fuel-flow-gph-ind</property>
<value>3</value>
</binding>
  <binding>
  <command>property-toggle</command> 
  <property>control/starter2</property> 
  </binding>
      <binding>
      <command>nasal</command>
      <script>scripts.Magneto_set()</script>
   </binding>
   <binding>
      <command>nasal</command>
      <script>scripts.Starter_set()</script>
   </binding>
   <mod-up>
    <binding>
      <command>property-assign</command>
      <property>control/starter1</property>
      <value type="bool">false</value>
    </binding>
    <binding>
      <command>property-assign</command>
      <property>control/engstop</property>
      <value type="bool">false</value>
    </binding>
   <binding>
      <command>nasal</command>
      <script>scripts.Starter_set()</script>
   </binding>
 <binding>
  <command>property-toggle</command> 
  <property>control/starter2</property> 
  </binding>
   </mod-up>
  </key>


<key n="126">
<name>~</name>
<desc>AirValve</desc>
<binding>
<command>property-toggle</command>
<property>control/pnevmo</property>
</binding>
</key>


<key n="83">
<name>S</name>
<desc>AutoStart</desc>
<binding>
<command>property-assign</command>
<property>control/magneto</property>
<value>3</value>
</binding>
<binding>
<command>property-assign</command>
<property>controls/engines/engine/throttle</property>
<value>0.33</value>
</binding>
<binding>
<command>property-assign</command>
<property>engines/engine/fuel-flow-gph-ind</property>
<value>70</value>
</binding>
<binding>
<command>property-assign</command>
<property>control/pnevmo</property>
<value>true</value>
</binding>
<binding>
<command>property-assign</command>
<property>controls/electric/battery-switch</property>
<value>true</value>
</binding>
<binding>
<command>property-assign</command>
<property>controls/circuit-breakers/generator</property>
<value>true</value>
</binding>
<binding>
<command>property-assign</command>
<property>controls/circuit-breakers/ign</property>
<value>true</value>
</binding>
<binding>
<command>property-assign</command>
<property>controls/circuit-breakers/gear</property>
<value>true</value>
</binding>
<binding>
<command>property-assign</command>
<property>controls/circuit-breakers/eng-instr-1</property>
<value>true</value>
</binding>
<binding>
<command>property-assign</command>
<property>controls/circuit-breakers/nav-com-1</property>
<value>true</value>
</binding>
<binding>
<command>nasal</command>
<script>scripts.vol_set()</script>
</binding>
<binding>
<command>nasal</command>
<script>scripts.chvol_set()</script>
</binding>
<binding>
<command>property-assign</command>
<property>controls/circuit-breakers/ann</property>
<value>true</value>
</binding>
</key>




    <key n="103">
     <name>g</name>
     <desc>Gear Up</desc>
   <binding>
    <command>property-assign</command>
    <property>control/gear-down1</property>
    <value type="bool">false</value>
   </binding>
   <binding>
      <command>nasal</command>
      <script>scripts.Gear1_set()</script>
   </binding>
   </key>

   <key n="71">
    <name>G</name>
    <desc>Gear Down</desc>
   <binding>
    <command>property-assign</command>
    <property>control/gear-down1</property>
    <value type="bool">true</value>
   </binding>
   <binding>
      <command>nasal</command>
      <script>scripts.Gear1_set()</script>
   </binding>
    </key>

   <key n="93">
    <name>]</name>
    <desc>Flaps Down</desc>
   <binding>
    <command>property-assign</command>
    <property>control/flaps1</property>
    <value type="bool">true</value>
   </binding>
   <binding>
      <command>nasal</command>
      <script>scripts.Flaps_set()</script>
   </binding>
    </key>

    <key n="91">
     <name>[</name>
     <desc>Flaps Up</desc>
   <binding>
    <command>property-assign</command>
    <property>control/flaps1</property>
    <value type="bool">false</value>
   </binding>
   <binding>
      <command>nasal</command>
      <script>scripts.Flaps_set()</script>
   </binding>
   </key>

   <key n="123">
    <name>{</name>
    <desc>Decrease Magneto</desc>
   <binding>
  <command>property-adjust</command>
  <property>control/magneto</property>
  <step>-1</step>
  <min>0</min>
  <max>3</max>
  <wrap>false</wrap>
  </binding>
   <binding>
      <command>nasal</command>
      <script>scripts.Magneto_set()</script>
   </binding>
    </key>

    <key n="125">
     <name>}</name>
     <desc>Increase Magneto</desc>
   <binding>
  <command>property-adjust</command>
  <property>control/magneto</property>
  <step>1</step>
  <min>0</min>
  <max>3</max>
  <wrap>false</wrap>
  </binding>
   <binding>
      <command>nasal</command>
      <script>scripts.Magneto_set()</script>
   </binding>
   </key>


    <key n="67">
       <name>C</name>
       <desc>Toggle Canopy</desc>
       <binding>
         <command>nasal</command>
         <script>scripts.toggle_canopy()</script>
       </binding>
    </key>


  <key n="40">
  <name>(</name>
  <desc>Open CowlFlaps</desc>
  <binding>
     <command>property-adjust</command>
     <property>controls/engines/engine/cowl-flaps-norm[0]</property>
     <step type="double">0.2</step>
     <max>1.0</max>
   </binding>
    <binding>
     <command>property-adjust</command>
     <property>fdm/jsbsim/propulsion/engine/cooling-factor</property>
     <step type="double">0.1</step>
     <min>0.90</min>
     <max>1.4</max>
  </binding>
  </key>

  <key n="41">
  <name>)</name>
  <desc>Close CowlFlaps</desc>
  <binding>
     <command>property-adjust</command>
     <property>controls/engines/engine/cowl-flaps-norm</property>
     <step type="double">-0.2</step>
     <max>1.0</max>
   </binding>
    <binding>
     <command>property-adjust</command>
     <property>fdm/jsbsim/propulsion/engine/cooling-factor</property>
     <step type="double">-0.1</step>
     <min>0.90</min>
     <max>1.4</max>
  </binding>
  </key>

  <key n="95">
  <name>_</name>
  <desc>Toggle OilFlaps</desc>
  <binding>
    <command>property-toggle</command>
    <property>controls/engines/engine/oil-flaps-norm</property>
  </binding>
  </key>

  <key n="75">
  <name>K</name>
  <desc>Test Fuel</desc>
  <binding>
      <command>property-assign</command>
      <property>control/fueltest</property>
      <value>1</value>
   </binding>
   <mod-up>
    <binding>
      <command>property-assign</command>
      <property>control/fueltest</property>
      <value>0</value>
    </binding>
   </mod-up>
  </key>

  <key n="107">
  <name>k</name>
  <desc>Test Lamp</desc>
  <binding>
        <command>property-assign</command>
      <property>controls/lamp-test</property>
      <value>1</value>
   </binding>
   <mod-up>
    <binding>
      <command>property-assign</command>
      <property>controls/lamp-test</property>
      <value>0</value>
    </binding>
   </mod-up>
  </key>

 <key n="361">
  <name>PageDown</name> 
  <desc>Decrease throttle</desc> 
  <repeatable type="bool">true</repeatable> 
  <binding>
     <command>property-adjust</command>
     <property>controls/engines/engine[0]/throttle</property>
     <step type="double">-0.01</step>
     <min>0.20</min>	 
     <max>1.0</max>
   </binding>
  </key>

  
   </keyboard>
  </input>

<!-- Nasal files/scripts -->
  <nasal>
    <Yak-53>
      <module>scripts</module>
      <file>Aircraft/Yak-53/Nasal/Yak-53.nas</file>
    </Yak-53>
  </nasal>
  

</PropertyList>
