<?xml version="1.0"?>
<!--
  File:     M-14P.xml
  Author:   Aero-Matic v 0.82

  Inputs:
    name:           M-14P
    type:           piston
    power:          360 hp
    augmented?      no
    injected?       no
-->

<piston_engine name="M-14P">
  <minmp unit="INHG">          6.0 </minmp>
  <maxmp unit="INHG">         29.92 </maxmp>
  <displacement unit="LTR"> 10.0 </displacement>
   <bsfc unit="LBS/HP*HR"> 0.64 </bsfc>
  <maxhp>        360.00 </maxhp>
  <cylinders> 9 </cylinders>
 <cylinder-head-mass unit="KG"> 7 </cylinder-head-mass>     
  <cycles>         4.0 </cycles>
  <idlerpm>      700.0 </idlerpm>
  <maxrpm>      2950.0 </maxrpm> 
  <maxthrottle>    1.0 </maxthrottle>
  <minthrottle>    0.2 </minthrottle>
  <sparkfaildrop>  0.03 </sparkfaildrop>
  <bore unit="IN"> 4.125 </bore>
  <stroke unit="IN"> 5.125 </stroke>
  <compression-ratio> 6.3 </compression-ratio>  
  <numboostspeeds>   1 </numboostspeeds>
  <boostoverride>    0 </boostoverride>
  <ratedboost1> 2.48 </ratedboost1>
  <ratedpower1> 360 </ratedpower1>
  <ratedrpm1> 2950 </ratedrpm1>
  <ratedaltitude1> 0 </ratedaltitude1>
  <cooling-factor> 0.9 </cooling-factor>
</piston_engine>
