<?xml version="1.0"?>
<!-- Generated by Aero-Matic v 1.1

     Inputs:
                horsepower: 360
                     pitch: variable
            max engine rpm: 2950
        prop diameter (ft): 7.8744

     Outputs:
              max prop rpm: 2382.78
                gear ratio:    1.266
                       Cp0: 0.043910
                       Ct0: 0.102311
       static thrust (lbs): 1475.27
-->

<propeller name="prop">
  <ixx>   3.00 </ixx>
  <diameter unit="IN">  94.5 </diameter>
  <numblades> 2 </numblades>
  <gearratio>  1.52 </gearratio>
  <p_factor>   7.46 </p_factor>
  <minpitch> 14.5 </minpitch>
  <maxpitch> 34.5 </maxpitch>
  <minrpm>   1360 </minrpm>
  <maxrpm>   1940 </maxrpm>
  <sense> -1 </sense>  

 <!-- thrust coefficient as a function of advance ratio and blade angle -->
  <table name="C_THRUST" type="internal">
      <tableData>
                12        24        36    
       0.0      0.1023    0.1253    0.1381
       0.2      0.0883    0.1228    0.1362
       0.4      0.0665    0.1215    0.1336
       0.6      0.0352    0.1094    0.1279
       0.8      0.0019    0.0818    0.1241
       1.0     -0.0333    0.0499    0.1190
       1.2     -0.0684    0.0153    0.0978
       1.4     -0.0832   -0.0224    0.0704
       1.6     -0.0832   -0.0569    0.0384
       1.8     -0.0832   -0.0832    0.0064
       2.0     -0.0832   -0.0832   -0.0256
       2.2     -0.0832   -0.0832   -0.0576
       2.4     -0.0832   -0.0832   -0.0832
      </tableData>
  </table>

 <!-- power coefficient as a function of advance ratio and blade angle -->
  <table name="C_POWER" type="internal">
     <tableData>
               12        24        36    
       0.0     0.0439    0.1085    0.1919
       0.2     0.0425    0.1010    0.1835
       0.4     0.0366    0.0931    0.1743
       0.6     0.0242    0.0865    0.1633
       0.8     0.0073    0.0733    0.1537
       1.0     0.0073    0.0514    0.1449
       1.2    -0.0242    0.0198    0.1282
       1.4    -0.0364   -0.0146    0.0988
       1.6    -0.0426   -0.0439    0.0624
       1.8    -0.0439   -0.0733    0.0183
       2.0    -0.0562   -0.1023   -0.0220
       2.2    -0.0689   -0.1317   -0.0659
       2.4    -0.0812   -0.1612   -0.1098
     </tableData>
  </table>

<!-- thrust effects of helical tip Mach -->
<table name="CT_MACH" type="internal">
  <tableData>
    0.85   1.0
    1.05   0.8
  </tableData>
</table>

<!-- power-required effects of helical tip Mach -->
<table name="CP_MACH" type="internal">
  <tableData>
    0.85   1.0
    1.05   1.8
    2.00   1.4
  </tableData>
</table>

</propeller>
