<?xml version="1.0"?>

<PropertyList>

  <path>SlipInd.ac</path>


  
  
 <animation>
  <type>rotate</type>
  <object-name>SlipBall</object-name>
  <property>fdm/jsbsim/accelerations/n-pilot-y-norm[0]</property>
      <interpolation>
        <entry><ind> -0.35</ind><dep> 17</dep></entry>
        <entry><ind> -0.3</ind><dep> 16.7</dep></entry>
        <entry><ind> -0.2</ind><dep> 11.31</dep></entry>
        <entry><ind> -0.1</ind><dep> 5.71</dep></entry>
        <entry><ind> 0</ind><dep> 0</dep></entry>
        <entry><ind> 0.1</ind><dep> -5.71</dep></entry>
        <entry><ind> 0.2</ind><dep> -11.31</dep></entry>
        <entry><ind> 0.3</ind><dep> -16.7</dep></entry>
        <entry><ind> 0.35</ind><dep> -17</dep></entry>
      </interpolation> 
  <center>
   <x-m>0.0</x-m>
   <y-m>0.0</y-m>
   <z-m>0.05875</z-m>
  </center>
  <axis>
   <x>1.0</x>
   <y>0.0</y>
   <z>0.0</z>
  </axis>
 </animation>

</PropertyList> 
