<?xml version="1.0" encoding="UTF-8"?>

<PropertyList>

  <path>MCompass.ac</path>

  <animation>
    <type>noshadow</type>
    <object-name>Glass</object-name>
  </animation>

  <animation>
    <type>shader</type>
    <shader>chrome</shader>
    <texture>glass.png</texture>
    <object-name>Glass</object-name>
  </animation>


  <animation>
   <type>rotate</type>
   <object-name>Ball</object-name>
   <property>instrumentation/magnetic-compass/indicated-heading-deg</property>
   <center>
     <x-m> -0.022 </x-m>
     <y-m>  0.000 </y-m>
     <z-m>  0.038 </z-m>
   </center> 
   <axis>
     <x> 0 </x>
     <y> 0 </y>
     <z> 1 </z>
   </axis>
  </animation>

</PropertyList>
